topic,previous_quarter,current_quarter,change_type,previous_value,current_value,previous_quote,current_quote,confidence,source_labels,source_urls_by_label,explanation
vehicle deliveries and demand,TSLA_Q3_2025,TSLA_Q3_2025,single_quarter_evidence,,,,"Now covering a little bit on the financial side, automotive revenues increased 29% in line with the growth in deliveries.",low,"[""TSLA_Q3_2025""]","{""TSLA_Q3_2025"": ""transcript_tsla-q3-2025.html""}",Structured evidence row; narrative interpretation is kept separately.
vehicle deliveries and demand,TSLA_Q3_2025,TSLA_Q3_2025,single_quarter_evidence,,,,"The pace in deliveries was the function of continued excitement around the new Model Y. I had previously talked about 2025 being the year of the Y, and we have since delivered on that promise.",low,"[""TSLA_Q3_2025""]","{""TSLA_Q3_2025"": ""transcript_tsla-q3-2025.html""}",Structured evidence row; narrative interpretation is kept separately.
vehicle deliveries and demand,TSLA_Q3_2025,TSLA_Q3_2025,single_quarter_evidence,,,,"We've also seen a surge in residential solar demand in the US due to policy changes, which we expect to continue into 2026 as we introduce the new solar lease product.",low,"[""TSLA_Q3_2025""]","{""TSLA_Q3_2025"": ""transcript_tsla-q3-2025.html""}",Structured evidence row; narrative interpretation is kept separately.
vehicle deliveries and demand,TSLA_Q3_2025,TSLA_Q3_2025,single_quarter_evidence,,,,"We set new records not just for deliveries and deployments, but also around a range of financial metrics from total revenues, energy gross profit, energy margins to fresh free cash flow.",low,"[""TSLA_Q3_2025""]","{""TSLA_Q3_2025"": ""transcript_tsla-q3-2025.html""}",Structured evidence row; narrative interpretation is kept separately.
vehicle deliveries and demand,TSLA_Q3_2025,TSLA_Q3_2025,single_quarter_evidence,,,,"We feel that as people experience the supervised FSD at scale, demand for our vehicles, like Elon said, would increase significantly.",low,"[""TSLA_Q3_2025""]","{""TSLA_Q3_2025"": ""transcript_tsla-q3-2025.html""}",Structured evidence row; narrative interpretation is kept separately.
vehicle deliveries and demand,TSLA_Q3_2025,TSLA_Q3_2025,single_quarter_evidence,,,,I think the demand will be pretty nutty.,low,"[""TSLA_Q3_2025""]","{""TSLA_Q3_2025"": ""transcript_tsla-q3-2025.html""}",Structured evidence row; narrative interpretation is kept separately.
vehicle deliveries and demand,TSLA_Q3_2025,TSLA_Q3_2025,single_quarter_evidence,,,,The strength in deliveries was attributed to strong performance across all regions.,low,"[""TSLA_Q3_2025""]","{""TSLA_Q3_2025"": ""transcript_tsla-q3-2025.html""}",Structured evidence row; narrative interpretation is kept separately.
vehicle deliveries and demand,TSLA_Q3_2025,TSLA_Q3_2025,single_quarter_evidence,,,,"In terms of trains, they're really great for long point-to-point deliveries.",low,"[""TSLA_Q3_2025""]","{""TSLA_Q3_2025"": ""transcript_tsla-q3-2025.html""}",Structured evidence row; narrative interpretation is kept separately.
vehicle deliveries and demand,TSLA_Q4_2025,TSLA_Q4_2025,single_quarter_evidence,,,,"Summary Tesla ( TSLA 0.87% ) delivered sequential improvement in automotive margins, record gross margins, and strong revenue growth in energy, while preparing for a transformative shift with higher future capital expenditures and the wind-down of legacy vehicle production.",low,"[""TSLA_Q4_2025""]","{""TSLA_Q4_2025"": ""transcript_tsla-q4-2025.html""}",Structured evidence row; narrative interpretation is kept separately.
vehicle deliveries and demand,TSLA_Q4_2025,TSLA_Q4_2025,single_quarter_evidence,,,,"In other parts of the world, we saw an increase in demand leading to record deliveries in smaller countries like Malaysia, Norway, Poland, Saudi Arabia, and Taiwan, while continued strength in the rest of APAC and EMEA.",low,"[""TSLA_Q4_2025""]","{""TSLA_Q4_2025"": ""transcript_tsla-q4-2025.html""}",Structured evidence row; narrative interpretation is kept separately.
vehicle deliveries and demand,TSLA_Q4_2025,TSLA_Q4_2025,single_quarter_evidence,,,,"Automotive gross profit was flat sequentially despite 16% lower deliveries, primarily due to regional mix as we had proportionately more deliveries in APAC and EMEA.",low,"[""TSLA_Q4_2025""]","{""TSLA_Q4_2025"": ""transcript_tsla-q4-2025.html""}",Structured evidence row; narrative interpretation is kept separately.
vehicle deliveries and demand,TSLA_Q4_2025,TSLA_Q4_2025,single_quarter_evidence,,,,Over 90% of vehicle miles traveled are with two or fewer passengers now.,low,"[""TSLA_Q4_2025""]","{""TSLA_Q4_2025"": ""transcript_tsla-q4-2025.html""}",Structured evidence row; narrative interpretation is kept separately.
vehicle deliveries and demand,TSLA_Q4_2025,TSLA_Q4_2025,single_quarter_evidence,,,,"4,680 cells: Tesla's proprietary high-energy-density battery cells, integrated into vehicle packs to address production constraints.",low,"[""TSLA_Q4_2025""]","{""TSLA_Q4_2025"": ""transcript_tsla-q4-2025.html""}",Structured evidence row; narrative interpretation is kept separately.
vehicle deliveries and demand,TSLA_Q4_2025,TSLA_Q4_2025,single_quarter_evidence,,,,Get ahead of robotaxi autonomous vehicle demand.,low,"[""TSLA_Q4_2025""]","{""TSLA_Q4_2025"": ""transcript_tsla-q4-2025.html""}",Structured evidence row; narrative interpretation is kept separately.
vehicle deliveries and demand,TSLA_Q4_2025,TSLA_Q4_2025,single_quarter_evidence,,,,"On the autos front, while in Q3, we saw a surge in US demand before the higher consumer credit cliff, pulling in some demand from Q4.",low,"[""TSLA_Q4_2025""]","{""TSLA_Q4_2025"": ""transcript_tsla-q4-2025.html""}",Structured evidence row; narrative interpretation is kept separately.
vehicle deliveries and demand,TSLA_Q4_2025,TSLA_Q4_2025,single_quarter_evidence,,,,"Yes, we'll have to augment as the fleet grows depending upon the density of where the demand is and whatnot.",low,"[""TSLA_Q4_2025""]","{""TSLA_Q4_2025"": ""transcript_tsla-q4-2025.html""}",Structured evidence row; narrative interpretation is kept separately.
