record_type,ticker,anchor_year,cohort,guidance_issued_period,guidance_issued_year,target_period,guidance_category,metric_key,metric_label,metric_label_original,business_scope,guidance_text,guidance_value_raw,guidance_value_normalized,actual_period,actual_text,actual_value_raw,actual_value_normalized,verdict,explanation,confidence,revision_group,is_primary_guidance,unresolved_reason,guidance_source_type,guidance_source_label,guidance_source_url,actual_source_type,actual_source_label,actual_source_url
comparison,TSLA,2023,outside anchor-year cohorts,TSLA_Q1_2022,2022,FY2022,operating,production,Production,Vehicle Production,product:4680,"4680 output is not a risk to achieving 1.5 million vehicles produced this year, but it would become a risk next year if we do not solve volume production by early 2023, but we’re highly confident of doing so.",1.5 million vehicles produced in 2022,"{""low"": 1500000.0, ""high"": 1500000.0, ""value"": 1500000.0, ""unit"": ""currency"", ""direction"": ""exact"", ""raw"": ""1.5 million vehicles produced in 2022""}",,,,,Unresolved,explicit target-period evidence,low,production_product_4680_fy2022,True,explicit target-period evidence,transcript,TSLA_Q1_2022,Guidance_Source_1_tsla-q1-2022.html,,,
comparison,TSLA,2023,outside anchor-year cohorts,TSLA_Q1_2022,2022,Q3 FY2022,operating,production,Production,4680 Battery Volume Production,product:4680,"But -- if things go according to plan, we will be in volume production with 4680 sometime perhaps towards the end of the third quarter and certainly in the fourth quarter.",volume production with 4680 sometime towards end of Q3 or Q4 2022,"{""low"": 4680.0, ""high"": 4680.0, ""value"": 4680.0, ""unit"": ""number"", ""direction"": ""exact"", ""raw"": ""volume production with 4680 sometime towards end of Q3 or Q4 2022""}",,,,,Unresolved,explicit target-period evidence,low,production_product_4680_q3_fy2022,True,explicit target-period evidence,transcript,TSLA_Q1_2022,Guidance_Source_1_tsla-q1-2022.html,,,
comparison,TSLA,2023,outside anchor-year cohorts,TSLA_Q1_2022,2022,FY2024,operating,production,Production,Volume Production of Robotaxi,consolidated,"So, I think, we’ll aim to -- we do a product event for robotaxi next year and get into more detail, but we are aiming for volume production in 2024.",aiming for volume production in 2024,"{""low"": 2024.0, ""high"": 2024.0, ""value"": 2024.0, ""unit"": ""number"", ""direction"": ""exact"", ""raw"": ""aiming for volume production in 2024""}",,,,,Unresolved,explicit target-period evidence,low,production_consolidated_fy2024,True,explicit target-period evidence,transcript,TSLA_Q1_2022,Guidance_Source_1_tsla-q1-2022.html,,,
comparison,TSLA,2023,outside anchor-year cohorts,TSLA_Q1_2022,2022,Q2 FY2022,operating,production,Production,Vehicle Production,consolidated,"So, that means the most likely vehicle production in Q2 will be similar to Q1, maybe slightly lower, but it’s also possible we may pull a rabbit out of the hat and be slightly higher.","Q2 production similar to Q1, maybe slightly lower or slightly higher","{""low"": null, ""high"": null, ""value"": null, ""unit"": null, ""direction"": ""exact"", ""raw"": ""Q2 production similar to Q1, maybe slightly lower or slightly higher""}",,,,,Unresolved,explicit target-period evidence,low,production_consolidated_q2_fy2022,True,explicit target-period evidence,transcript,TSLA_Q1_2022,Guidance_Source_1_tsla-q1-2022.html,,,
comparison,TSLA,2023,outside anchor-year cohorts,TSLA_Q1_2022,2022,FY2022,financial,revenue_growth,Revenue growth,Revenue Growth Rate,consolidated,We continue to drive towards further strengthening of our financials in the second half of the year and believe our 50% or above growth rate remains achievable for the year.,50% or above growth rate achievable for 2022,"{""low"": 50.0, ""high"": null, ""value"": 50.0, ""unit"": ""percent"", ""direction"": ""above"", ""raw"": ""50% or above growth rate achievable for 2022""}",FY2022,"On a full year basis: revenue increased over 50%, operating income doubled, free cash flows increased over 50%, and our margins remained industry-leading.",over 50% increase,"{""low"": 50.0, ""high"": null, ""value"": 50.0, ""unit"": ""percent"", ""direction"": ""above"", ""raw"": ""over 50% increase""}",Unresolved,explicit target-period evidence,medium,revenue_growth_consolidated_fy2022,True,explicit target-period evidence,transcript,TSLA_Q1_2022,Guidance_Source_1_tsla-q1-2022.html,transcript,TSLA_Q4_2022,Guidance_Source_2_tsla-q4-2022.html
comparison,TSLA,2023,outside anchor-year cohorts,TSLA_Q2_2022,2022,FY2022,product or milestone,product_milestone,Product / strategic milestone,Margin Impact from Austin and Berlin Ramp,consolidated,"A couple of things to keep in mind as we progress, Austin and Berlin ramp inefficiencies will continue to weigh on our margins for the balance of the year.",ramp inefficiencies will weigh on margins for balance of 2022 but impact should reduce as ramp increases,"{""low"": 2022.0, ""high"": 2022.0, ""value"": 2022.0, ""unit"": ""number"", ""direction"": ""exact"", ""raw"": ""ramp inefficiencies will weigh on margins for balance of 2022 but impact should reduce as ramp increases""}",,,,,Unresolved,explicit target-period evidence,low,product_milestone_consolidated_fy2022,False,explicit target-period evidence,transcript,TSLA_Q2_2022,Guidance_Source_3_tsla-q2-2022.html,,,
comparison,TSLA,2023,outside anchor-year cohorts,TSLA_Q2_2022,2022,FY2022,operating,deliveries,Deliveries,Vehicle Delivery Growth,consolidated,"And finally, despite losing more builds in Q3 than expected, we are still pushing to reach 50% growth this year.",50% growth target for 2022 remains possible with strong execution and no force majeure events,"{""low"": 50.0, ""high"": 50.0, ""value"": 50.0, ""unit"": ""percent"", ""direction"": ""exact"", ""raw"": ""50% growth target for 2022 remains possible with strong execution and no force majeure events""}",,,,,Unresolved,explicit target-period evidence,low,deliveries_consolidated_fy2022,False,explicit target-period evidence,transcript,TSLA_Q2_2022,Guidance_Source_3_tsla-q2-2022.html,,,
comparison,TSLA,2023,outside anchor-year cohorts,TSLA_Q2_2022,2022,FY2022,operating,production,Production,4680 Battery Production,consolidated,"But right now, as Elon mentioned, we are leveraging supplier cells, which we have in sufficient quantity to ramp Texas and Berlin.","ramp total 4680 production to exceed 1,000 per week by end of 2022, hopefully before","{""low"": 1000.0, ""high"": 4680.0, ""value"": 4680.0, ""unit"": ""number"", ""direction"": ""range"", ""raw"": ""ramp total 4680 production to exceed 1,000 per week by end of 2022, hopefully before""}",,,,,Unresolved,explicit target-period evidence,low,production_consolidated_fy2022,False,explicit target-period evidence,transcript,TSLA_Q2_2022,Guidance_Source_3_tsla-q2-2022.html,,,
comparison,TSLA,2023,outside anchor-year cohorts,TSLA_Q2_2022,2022,FY2022,product or milestone,product_milestone,Product / strategic milestone,Recognized Global Pricing,consolidated,"However, the impact should reduce as we increase ramp.",expected to continue to increase as backlog flows through in 2022,"{""low"": 2022.0, ""high"": 2022.0, ""value"": 2022.0, ""unit"": ""number"", ""direction"": ""exact"", ""raw"": ""expected to continue to increase as backlog flows through in 2022""}",,,,,Unresolved,explicit target-period evidence,low,product_milestone_consolidated_fy2022,True,explicit target-period evidence,transcript,TSLA_Q2_2022,Guidance_Source_3_tsla-q2-2022.html,,,
comparison,TSLA,2023,outside anchor-year cohorts,TSLA_Q2_2022,2022,Q2 FY2022,operating,production,Production,4680 Battery Production Start at Texas,segment:texas,Our target for Texas is to begin production this quarter and aim for Texas to be capable of exceeding Kato weekly output before the end of this year.,begin production in Q2 2022 and aim to exceed Kato weekly output before end of 2022,"{""low"": 2022.0, ""high"": 2022.0, ""value"": 2022.0, ""unit"": ""number"", ""direction"": ""range"", ""raw"": ""begin production in Q2 2022 and aim to exceed Kato weekly output before end of 2022""}",,,,,Unresolved,explicit target-period evidence,low,production_segment_texas_q2_fy2022,True,explicit target-period evidence,transcript,TSLA_Q2_2022,Guidance_Source_3_tsla-q2-2022.html,,,
comparison,TSLA,2023,outside anchor-year cohorts,TSLA_Q3_2022,2022,FY2022,operating,production,Production,Annual Production Growth Rate,consolidated,"As we look ahead, our plans show that we’re on track for the 50% annual growth in production this year, although we are tracking supply chain risks which are beyond our control.",50%,"{""low"": 50.0, ""high"": 50.0, ""value"": 50.0, ""unit"": ""percent"", ""direction"": ""exact"", ""raw"": ""50%""}",,,,,Unresolved,explicit target-period evidence,low,production_consolidated_fy2022,True,explicit target-period evidence,transcript,TSLA_Q3_2022,Guidance_Source_4_tsla-q3-2022.html,,,
comparison,TSLA,2023,outside anchor-year cohorts,TSLA_Q3_2022,2022,,financial,revenue_growth,Revenue growth,Annual Production Growth Rate,consolidated,"But as I said earlier, we are extremely confident of the great Q4, and we anticipate continuing to grow our vehicle production, sales deliveries by -- on average 50% a year as far into the future as we can see.",50% average annual growth,"{""low"": 50.0, ""high"": 50.0, ""value"": 50.0, ""unit"": ""percent"", ""direction"": ""exact"", ""raw"": ""50% average annual growth""}",,,,,Unresolved,no defensible target period,low,revenue_growth_consolidated_unresolved,False,no defensible target period,transcript,TSLA_Q3_2022,Guidance_Source_4_tsla-q3-2022.html,,,
comparison,TSLA,2023,outside anchor-year cohorts,TSLA_Q3_2022,2022,FY2022,operating,deliveries,Deliveries,Annual Delivery Growth Rate,consolidated,"On the delivery side, we do expect to be just under 50% growth due to an increase in the cars in transit at the end of the year, as noted, just above.",just under 50%,"{""low"": 50.0, ""high"": 50.0, ""value"": 50.0, ""unit"": ""percent"", ""direction"": ""exact"", ""raw"": ""just under 50%""}",,,,,Unresolved,explicit target-period evidence,low,deliveries_consolidated_fy2022,True,explicit target-period evidence,transcript,TSLA_Q3_2022,Guidance_Source_4_tsla-q3-2022.html,,,
comparison,TSLA,2023,outside anchor-year cohorts,TSLA_Q3_2022,2022,FY2024,operating,production,Production,Tesla Semi Production Target,segment:north_america,"So, we expect to see significant -- we’re tentatively aiming for 50,000 units in 2024 for Tesla Semi in North America.","50,000 units","{""low"": 50000.0, ""high"": 50000.0, ""value"": 50000.0, ""unit"": ""number"", ""direction"": ""exact"", ""raw"": ""50,000 units""}",,,,,Unresolved,explicit target-period evidence,low,production_segment_north_america_fy2024,True,explicit target-period evidence,transcript,TSLA_Q3_2022,Guidance_Source_4_tsla-q3-2022.html,,,
comparison,TSLA,2023,outside anchor-year cohorts,TSLA_Q3_2022,2022,Q4 FY2022,operating,deliveries,Deliveries,Ramp Cost Impact on Margins,consolidated,"This means that, again, you should expect a gap between production and deliveries in Q4, and those cars in transit will be delivered shortly to their customers upon arrival to their destination in Q1.",less than Q3 impact,"{""low"": null, ""high"": null, ""value"": null, ""unit"": null, ""direction"": ""below"", ""raw"": ""less than Q3 impact""}",,,,,Unresolved,explicit target-period evidence,low,deliveries_consolidated_q4_fy2022,True,explicit target-period evidence,transcript,TSLA_Q3_2022,Guidance_Source_4_tsla-q3-2022.html,,,
comparison,TSLA,2023,prior-year guidance resolved in anchor year,TSLA_Q3_2022,2022,FY2023,financial,revenue_growth,Revenue growth,Compound Annual Growth Rate of Deliveries and Production,consolidated,"We -- to the best of our knowledge, we believe that Tesla will continue to grow deliveries and revenue production at a 50% or greater compound annual growth rate.",50% or greater,"{""low"": 50.0, ""high"": 50.0, ""value"": 50.0, ""unit"": ""percent"", ""direction"": ""exact"", ""raw"": ""50% or greater""}",,,,,Unresolved,"No defensible actual was found for the same metric, scope, unit, and target period. Missing evidence is not treated as a miss.",low,revenue_growth_consolidated_fy2023,True,"No defensible actual was found for the same metric, scope, unit, and target period. Missing evidence is not treated as a miss.",transcript,TSLA_Q3_2022,Guidance_Source_4_tsla-q3-2022.html,,,
comparison,TSLA,2023,prior-year guidance resolved in anchor year,TSLA_Q4_2022,2022,FY2023,other assessable company-level guidance,powertrain_cost_reduction,Powertrain Cost Reduction,Powertrain Cost Reduction,consolidated,And that will actually add up to a pretty significant cost reduction on the powertrain side over the course of 2023.,significant cost reduction over 2023,"{""low"": 2023.0, ""high"": null, ""value"": 2023.0, ""unit"": ""number"", ""direction"": ""above"", ""raw"": ""significant cost reduction over 2023""}",,,,,Unresolved,"No defensible actual was found for the same metric, scope, unit, and target period. Missing evidence is not treated as a miss.",low,powertrain_cost_reduction_consolidated_fy2023,True,"No defensible actual was found for the same metric, scope, unit, and target period. Missing evidence is not treated as a miss.",transcript,TSLA_Q4_2022,Guidance_Source_2_tsla-q4-2022.html,,,
comparison,TSLA,2023,prior-year guidance resolved in anchor year,TSLA_Q4_2022,2022,FY2023,operating,production,Production,4680 Battery Production Ramp,product:cybertruck,"Really, our 2023 goal as a 4680 team is to deliver a cost-effective ramp of 4680s well ahead of Cybertruck.",cost-effective ramp ahead of Cybertruck in 2023,"{""low"": 2023.0, ""high"": 2023.0, ""value"": 2023.0, ""unit"": ""number"", ""direction"": ""exact"", ""raw"": ""cost-effective ramp ahead of Cybertruck in 2023""}",,,,,Unresolved,"No defensible actual was found for the same metric, scope, unit, and target period. Missing evidence is not treated as a miss.",low,production_product_cybertruck_fy2023,True,"No defensible actual was found for the same metric, scope, unit, and target period. Missing evidence is not treated as a miss.",transcript,TSLA_Q4_2022,Guidance_Source_2_tsla-q4-2022.html,,,
comparison,TSLA,2023,prior-year guidance resolved in anchor year,TSLA_Q4_2022,2022,FY2023,financial,gross_margin,Gross margin,Automotive Gross Margin Excluding Leases and Credits,segment:automotive,"So based upon these metrics here, we believe that we'll be above both of the metrics that are stated in the question, so 20% automotive gross margin, excluding leases and rent credits and then $47,000 ASP across all models.",>20%,"{""low"": 20.0, ""high"": null, ""value"": 20.0, ""unit"": ""percent"", ""direction"": ""above"", ""raw"": "">20%""}",,,,,Unresolved,"No defensible actual was found for the same metric, scope, unit, and target period. Missing evidence is not treated as a miss.",low,gross_margin_segment_automotive_fy2023,True,"No defensible actual was found for the same metric, scope, unit, and target period. Missing evidence is not treated as a miss.",transcript,TSLA_Q4_2022,Guidance_Source_2_tsla-q4-2022.html,,,
comparison,TSLA,2023,prior-year guidance resolved in anchor year,TSLA_Q4_2022,2022,FY2023,product or milestone,product_milestone,Product / strategic milestone,Ramp Inefficiency Cost Reduction,product:4680,"The Austin and Berlin ramp inefficiencies in 4680 will make a substantial amount of progress on that over the course of the year, and that's within Tesla's control.",substantial progress over 2023,"{""low"": 2023.0, ""high"": null, ""value"": 2023.0, ""unit"": ""number"", ""direction"": ""above"", ""raw"": ""substantial progress over 2023""}",,,,,Unresolved,"No defensible actual was found for the same metric, scope, unit, and target period. Missing evidence is not treated as a miss.",low,product_milestone_product_4680_fy2023,True,"No defensible actual was found for the same metric, scope, unit, and target period. Missing evidence is not treated as a miss.",transcript,TSLA_Q4_2022,Guidance_Source_2_tsla-q4-2022.html,,,
comparison,TSLA,2023,anchor-year guidance resolved in following year,TSLA_Q1_2023,2023,Q1 FY2024,operating,production,Production,Steady-state cost targets achievement timeline,product:cybertruck,"And going forward for the rest of the year, the priority, one, is yielding cost for the 4680 program as we steadily ramp production ahead of Cybertruck next year.",on track to achieve steady-state cost targets over the next 12 months,"{""low"": 12.0, ""high"": null, ""value"": 12.0, ""unit"": ""number"", ""direction"": ""above"", ""raw"": ""on track to achieve steady-state cost targets over the next 12 months""}",,,,,Unresolved,"No defensible actual was found for the same metric, scope, unit, and target period. Missing evidence is not treated as a miss.",low,production_product_cybertruck_q1_fy2024,True,"No defensible actual was found for the same metric, scope, unit, and target period. Missing evidence is not treated as a miss.",transcript,TSLA_Q1_2023,Guidance_Source_5_tsla-q1-2023.html,,,
comparison,TSLA,2023,outside anchor-year cohorts,TSLA_Q1_2023,2023,Q3 FY2023,operating,deliveries,Deliveries,Cybertruck delivery event timing,consolidated,"It's a great product, and we're completing the installation of the volume production line at Giga Texas, and we're anticipating having delivery event, a great delivery event probably in Q3.",delivery event probably in Q3,"{""low"": null, ""high"": null, ""value"": null, ""unit"": null, ""direction"": ""exact"", ""raw"": ""delivery event probably in Q3""}",,,,,Unresolved,explicit target-period evidence,low,deliveries_consolidated_q3_fy2023,True,explicit target-period evidence,transcript,TSLA_Q1_2023,Guidance_Source_5_tsla-q1-2023.html,,,
comparison,TSLA,2023,outside anchor-year cohorts,TSLA_Q1_2023,2023,Q2 FY2023,operating,production,Production,Cathode production commissioning start,segment:cathode building austin,"On cathode production, we are 50% equipment and 75% utilities installed at our new cathode building in Austin, with our goal to begin dry and wet commissioning this quarter and next quarter with a target to produce first material before the end of the year.",dry and wet commissioning this quarter and next quarter,"{""low"": null, ""high"": null, ""value"": null, ""unit"": null, ""direction"": ""exact"", ""raw"": ""dry and wet commissioning this quarter and next quarter""}",,,,,Unresolved,explicit target-period evidence,low,production_segment_cathode_building_austin_q2_fy2023,True,explicit target-period evidence,transcript,TSLA_Q1_2023,Guidance_Source_5_tsla-q1-2023.html,,,
comparison,TSLA,2023,outside anchor-year cohorts,TSLA_Q2_2023,2023,Q3 FY2023,operating,production,Production,Q3 2023 production outlook,consolidated,"Although, we expect that Q3 production will be a little bit down because we’ve got summer shutdowns to -- for a lot of factory upgrades.",Q3 production will be a little bit down due to summer shutdowns for factory upgrades,"{""low"": null, ""high"": null, ""value"": null, ""unit"": null, ""direction"": ""exact"", ""raw"": ""Q3 production will be a little bit down due to summer shutdowns for factory upgrades""}",Q3 FY2023,This was necessary to allow for further factory improvements and production rate increases.,37500,"{""low"": 37500.0, ""high"": 37500.0, ""value"": 37500.0, ""unit"": ""number"", ""direction"": ""exact"", ""raw"": ""37500""}",Unresolved,explicit target-period evidence,high,production_consolidated_q3_fy2023,True,explicit target-period evidence,transcript,TSLA_Q2_2023,Guidance_Source_6_tsla-q2-2023.html,transcript,TSLA_Q3_2023,Guidance_Source_7_tsla-q3-2023.html
comparison,TSLA,2023,outside anchor-year cohorts,TSLA_Q2_2023,2023,FY2023,operating,deliveries,Deliveries,Vehicle deliveries target for 2023,consolidated,We continue to target 1.8 million vehicle deliveries this year.,target 1.8 million vehicle deliveries this year,"{""low"": 1800000.0, ""high"": 1800000.0, ""value"": 1800000.0, ""unit"": ""currency"", ""direction"": ""exact"", ""raw"": ""target 1.8 million vehicle deliveries this year""}",,,,,Unresolved,explicit target-period evidence,low,deliveries_consolidated_fy2023,True,explicit target-period evidence,transcript,TSLA_Q2_2023,Guidance_Source_6_tsla-q2-2023.html,,,
comparison,TSLA,2023,anchor-year guidance resolved in following year,TSLA_Q3_2023,2023,Q3 FY2024,financial,cybertruck_cash_flow_timing,Cybertruck Cash Flow Timing,Cybertruck positive cash flow timing,consolidated,"It’s a great product, but financially it will take, I don’t know, a year to 18 months before it is a significant positive cash flow contributor.",financially significant positive cash flow contributor in a year to 18 months,"{""low"": 18.0, ""high"": 18.0, ""value"": 18.0, ""unit"": ""number"", ""direction"": ""exact"", ""raw"": ""financially significant positive cash flow contributor in a year to 18 months""}",,,,,Unresolved,"No defensible actual was found for the same metric, scope, unit, and target period. Missing evidence is not treated as a miss.",low,cybertruck_cash_flow_timing_consolidated_q3_fy2024,True,"No defensible actual was found for the same metric, scope, unit, and target period. Missing evidence is not treated as a miss.",transcript,TSLA_Q3_2023,Guidance_Source_7_tsla-q3-2023.html,,,
comparison,TSLA,2023,outside anchor-year cohorts,TSLA_Q3_2023,2023,Q4 FY2023,operating,production,Production,Cybertruck cell production ramp timeline,product:cybertruck,This quarter we convert to building a 100% Cybertruck cells to simplify and focus the factory as we ramp all four lines in Phase 1 over the next three quarters.,ramp all four lines in Phase 1 over the next three quarters,"{""low"": 1.0, ""high"": null, ""value"": 1.0, ""unit"": ""number"", ""direction"": ""above"", ""raw"": ""ramp all four lines in Phase 1 over the next three quarters""}",,,,,Unresolved,explicit target-period evidence,low,production_product_cybertruck_q4_fy2023,True,explicit target-period evidence,transcript,TSLA_Q3_2023,Guidance_Source_7_tsla-q3-2023.html,,,
comparison,TSLA,2023,anchor-year guidance resolved in following year,TSLA_Q4_2023,2023,FY2024,capacity or infrastructure,capacity,Capacity,Energy Storage Capacity,segment:megapack,Lathrop continues to ramp through 2024 with the operation of a second final assembly line to double capacity from 20 gigawatt to 40 gigawatt hours by the end of the year.,40 gigawatt hours by end of 2024,"{""low"": 40.0, ""high"": 40.0, ""value"": 40.0, ""unit"": ""number"", ""direction"": ""exact"", ""raw"": ""40 gigawatt hours by end of 2024""}",,,,,Unresolved,"No defensible actual was found for the same metric, scope, unit, and target period. Missing evidence is not treated as a miss.",low,capacity_segment_megapack_fy2024,True,"No defensible actual was found for the same metric, scope, unit, and target period. Missing evidence is not treated as a miss.",transcript,TSLA_Q4_2023,Guidance_Source_8_tsla-q4-2023.html,,,
comparison,TSLA,2023,anchor-year guidance resolved in following year,TSLA_Q4_2023,2023,FY2024,operating,production_volume,Production volume,Volume Growth,product:model_3,"The first one began with the global expansion of Model 3 and Y, and we believe the next one will be initiated with the next generation platform.",lower in 2024 compared to prior year,"{""low"": 2024.0, ""high"": 2024.0, ""value"": 2024.0, ""unit"": ""number"", ""direction"": ""exact"", ""raw"": ""lower in 2024 compared to prior year""}",,,,,Unresolved,"No defensible actual was found for the same metric, scope, unit, and target period. Missing evidence is not treated as a miss.",low,production_volume_product_model_3_fy2024,True,"No defensible actual was found for the same metric, scope, unit, and target period. Missing evidence is not treated as a miss.",transcript,TSLA_Q4_2023,Guidance_Source_8_tsla-q4-2023.html,,,
unpaired_actual,TSLA,2023,,,,,,production,Production,,segment:berlin gigafactory,,,,FY2022,"We achieved an important milestone of 1,000 cars a week in June.","1,000 cars per week in June 2022",,,,,,,,,,,transcript,TSLA_Q2_2022,Guidance_Source_3_tsla-q2-2022.html
unpaired_actual,TSLA,2023,,,,,,production,Production,,segment:kato factory,,,,FY2022,"In Q2, at Kato, we fully automated [indiscernible] for the drying of electrode tool there, unlocking major increases in production and improvements in yields.",35% month-over-month growth since March 2022,,,,,,,,,,,transcript,TSLA_Q2_2022,Guidance_Source_3_tsla-q2-2022.html
unpaired_actual,TSLA,2023,,,,,,inflation_and_commodity_cost_increase,Inflation And Commodity Cost Increase,,consolidated,,,,Q2 FY2022,Q2 was our largest increase yet over the last handful of quarters on inflation and commodity-related increases to our cars.,largest increase yet in Q2 over last quarters,,,,,,,,,,,transcript,TSLA_Q2_2022,Guidance_Source_3_tsla-q2-2022.html
unpaired_actual,TSLA,2023,,,,,,gross_margin,Gross margin,,segment:automotive,,,,Q2 FY2022,"On GAAP automotive gross margin, it declined sequentially to 27.9%.","27.9% in Q2 2022, declined sequentially",,,,,,,,,,,transcript,TSLA_Q2_2022,Guidance_Source_3_tsla-q2-2022.html
unpaired_actual,TSLA,2023,,,,,,free_cash_flow,Free cash flow,,consolidated,,,,Q3 FY2022,"As our factories ramp, we’re looking forward to a record-breaking Q4.",3 billion,,,,,,,,,,,transcript,TSLA_Q3_2022,Guidance_Source_4_tsla-q3-2022.html
unpaired_actual,TSLA,2023,,,,,,production,Production,,segment:giga berlin,,,,Q3 FY2022,"On the production ramp, Giga Berlin achieved another milestone of 2,000 cars made in a week with very good quality and is ramping rapidly.",2000 cars per week,,,,,,,,,,,transcript,TSLA_Q3_2022,Guidance_Source_4_tsla-q3-2022.html
unpaired_actual,TSLA,2023,,,,,,revenue,Revenue,,consolidated,,,,FY2022,"On a full year basis: revenue increased over 50%, operating income doubled, free cash flows increased over 50%, and our margins remained industry-leading.",industry-leading,,,,,,,,,,,transcript,TSLA_Q4_2022,Guidance_Source_2_tsla-q4-2022.html
unpaired_actual,TSLA,2023,,,,,,margin_impact_q4,Margin Impact Q4,,consolidated,,,,Q4 FY2022,"For Q4 specifically, sequential and annual margin was impacted by ASP reductions, as we are managing through COVID impacts in China, uncertainty around the consumer tax credit in the U.S., and a rising interest rate environment.","impacted by ASP reductions, COVID impacts in China, consumer tax credit uncertainty, rising interest rates",,,,,,,,,,,transcript,TSLA_Q4_2022,Guidance_Source_2_tsla-q4-2022.html
unpaired_actual,TSLA,2023,,,,,,production,Production,,segment:texas factory,,,,Q1 FY2023,Texas production increased 50% quarter-over-quarter through yields increased 12% and [Indiscernible] peak rate increased by 20% and through yields improved by 20%.,50% quarter-over-quarter increase in production; 25% reduction in COGS over quarter,,,,,,,,,,,transcript,TSLA_Q1_2023,Guidance_Source_5_tsla-q1-2023.html
unpaired_actual,TSLA,2023,,,,,,revenue,Revenue,,segment:automotive,,,,Q1 FY2023,"In particular, automotive gross margin was impacted by a few factors since our discussion on the last earnings call, which include additional action taken in the second half of the quarter to improve vehicle pricing and one-time items, most notably warranty adjustments on older S and X vehicles as well as increased deferred revenue for certain Autopilot features as we transition technologies.","healthy levels; impacted by vehicle pricing actions, warranty adjustments, deferred revenue",,,,,,,,,,,transcript,TSLA_Q1_2023,Guidance_Source_5_tsla-q1-2023.html
unpaired_actual,TSLA,2023,,,,,,regulatory_credit_revenue,Regulatory credit revenue,,product:model_3,,,,Q1 FY2023,"Results of Operations Revenues Three Months Ended March 31, Change (Dollars in millions) 2023 2022 $ % Automotive sales $ 18,878 $ 15,514 $ 3,364 22 % Automotive regulatory credits 521 679 (158 ) (23 )% Automotive leasing 564 668 (104 ) (16 )% Total automotive revenues 19,963 16,861 3,102 18 % Services and other 1,837 1,279 558 44 % Total automotive & services and other segment revenue 21,800 18,140 3,660 20 % Energy generation and storage segment revenue 1,529 616 913 148 % Total revenues $ 23,329 $ 18,756 $ 4,573 24 % 25 Automotive & Services and Other Segment Automotive sales revenue increased $3.36 billion, or 22%, in the three months ended March 31, 2023 as compared to the three months ended March 31, 2022, primarily due to an increase of 108,378 combined Model 3 and Model Y deliveries year over year despite a negative impact from the United States dollar strengthening against other foreign currencies in the three months ended March 31, 2023 as compared to the prior period.",18878,,,,,,,,,,,filing,10-Q Q1 2023 — ITEM 2. MANAGEMENT’S DISCUSSION AND ANALYSIS OF FINANCIAL CONDITION AND RESULTS OF OPERATIONS,Guidance_Source_9_10-q-q1-2023-item-2-management-s-discussion-and-analysis-of-financial-condition-.html
unpaired_actual,TSLA,2023,,,,,,revenue,Revenue,,segment:automotive,,,,Q1 FY2023,"Cost of Revenues and Gross Margin Three Months Ended March 31, Change (Dollars in millions) 2023 2022 $ % Cost of revenues Automotive sales $ 15,422 $ 10,914 $ 4,508 41 % Automotive leasing 333 408 (75 ) (18 )% Total automotive cost of revenues 15,755 11,322 4,433 39 % Services and other 1,702 1,286 416 32 % Total automotive & services and other segment cost of revenues 17,457 12,608 4,849 38 % Energy generation and storage segment 1,361 688 673 98 % Total cost of revenues $ 18,818 $ 13,296 $ 5,522 42 % Gross profit total automotive $ 4,208 $ 5,539 Gross margin total automotive 21.1 % 32.9 % Gross profit total automotive & services and other segment $ 4,343 $ 5,532 Gross margin total automotive & services and other segment 19.9 % 30.5 % Gross profit energy generation and storage segment $ 168 $ (72 ) Gross margin energy generation and storage segment 11.0 % (11.7 )% Total gross profit $ 4,511 $ 5,460 Total gross margin 19.3 % 29.1 % 26 Automotive & Services and Other Segment Cost of automotive sales revenue increased $4.51 billion, or 41%, in the three months ended March 31, 2023 as compared to the three months ended March 31, 2022, in line with the growth in deliveries year over year, as discussed above.",15422,,,,,,,,,,,filing,10-Q Q1 2023 — ITEM 2. MANAGEMENT’S DISCUSSION AND ANALYSIS OF FINANCIAL CONDITION AND RESULTS OF OPERATIONS,Guidance_Source_9_10-q-q1-2023-item-2-management-s-discussion-and-analysis-of-financial-condition-.html
unpaired_actual,TSLA,2023,,,,,,revenue,Revenue,,consolidated,,,,Q1 FY2023,"Cost of services and other revenue increased $416 million, or 32%, in the three months ended March 31, 2023 as compared to the three months ended March 31, 2022.",416,,,,,,,,,,,filing,10-Q Q1 2023 — ITEM 2. MANAGEMENT’S DISCUSSION AND ANALYSIS OF FINANCIAL CONDITION AND RESULTS OF OPERATIONS,Guidance_Source_9_10-q-q1-2023-item-2-management-s-discussion-and-analysis-of-financial-condition-.html
unpaired_actual,TSLA,2023,,,,,,revenue,Revenue,,product:powerwall,,,,Q1 FY2023,"Energy Generation and Storage Segment Cost of energy generation and storage revenue increased $673 million, or 98%, in the three months ended March 31, 2023 as compared to the three months ended March 31, 2022, primarily due to increase in deployments of Megapack, increase in solar cash and loan deployments at a higher average cost due to increased component costs, as well as increase in deployments of Powerwall.",673,,,,,,,,,,,filing,10-Q Q1 2023 — ITEM 2. MANAGEMENT’S DISCUSSION AND ANALYSIS OF FINANCIAL CONDITION AND RESULTS OF OPERATIONS,Guidance_Source_9_10-q-q1-2023-item-2-management-s-discussion-and-analysis-of-financial-condition-.html
unpaired_actual,TSLA,2023,,,,,,gross_margin,Gross margin,,segment:energy generation and storage,,,,Q1 FY2023,"Gross margin for energy generation and storage improved from -11.7% to 11.0% in the three months ended March 31, 2023 as compared to the three months ended March 31, 2022.",11.0,,,,,,,,,,,filing,10-Q Q1 2023 — ITEM 2. MANAGEMENT’S DISCUSSION AND ANALYSIS OF FINANCIAL CONDITION AND RESULTS OF OPERATIONS,Guidance_Source_9_10-q-q1-2023-item-2-management-s-discussion-and-analysis-of-financial-condition-.html
unpaired_actual,TSLA,2023,,,,,,headcount,Headcount,,consolidated,,,,Q1 FY2023,"This was driven by a $84 million increase in facilities-related expenses and a $49 million increase in employee and labor costs primarily from increased headcount, including professional services.",1076,,,,,,,,,,,filing,10-Q Q1 2023 — ITEM 2. MANAGEMENT’S DISCUSSION AND ANALYSIS OF FINANCIAL CONDITION AND RESULTS OF OPERATIONS,Guidance_Source_9_10-q-q1-2023-item-2-management-s-discussion-and-analysis-of-financial-condition-.html
unpaired_actual,TSLA,2023,,,,,,revenue,Revenue,,consolidated,,,,Q2 FY2023,"In Q2 we achieved record vehicle production and deliveries, and record revenue of about $25 billion in a single quarter.",25000,,,,,,,,,,,transcript,TSLA_Q2_2023,Guidance_Source_6_tsla-q2-2023.html
unpaired_actual,TSLA,2023,,,,,,production,Production,,product:4680,,,,Q3 FY2023,4680 cell production in Texas increased 40% quarter-over-quarter.,40% quarter-over-quarter increase,,,,,,,,,,,transcript,TSLA_Q3_2023,Guidance_Source_7_tsla-q3-2023.html
unpaired_actual,TSLA,2023,,,,,,scrap_reduction,Scrap Reduction,,segment:texas 4680 facility,,,,Q3 FY2023,"With the increased volume and yield improvements, cell costs consistently improved month-over-month within the quarter, although we have a lot more work to do to achieve our steady state goals.",40% quarter-over-quarter decrease,,,,,,,,,,,transcript,TSLA_Q3_2023,Guidance_Source_7_tsla-q3-2023.html
unpaired_actual,TSLA,2023,,,,,,deliveries,Deliveries,,segment:automotive,,,,FY2023,We achieved record production and deliveries of over 1.8 million vehicles in line with our official guidance.,over 1.8 million vehicles produced and delivered,,,,,,,,,,,transcript,TSLA_Q4_2023,Guidance_Source_8_tsla-q4-2023.html
unpaired_actual,TSLA,2023,,,,,,product_milestone,Product / strategic milestone,,product:cybertruck,,,,Q4 FY2023,"First, I just want to allay any concerns regarding 4680 limiting the Cybertruck ramp, because I've seen some people commenting about that.",weeks of finished cell inventory ahead of ramp,,,,,,,,,,,transcript,TSLA_Q4_2023,Guidance_Source_8_tsla-q4-2023.html
unpaired_actual,TSLA,2023,,,,,,production,Production,,product:4680,,,,Q4 FY2023,"To date, 4680 production is ahead of the ramp with actually weeks of finished cell inventory.",weeks of finished cell inventory ahead of ramp,,,,,,,,,,,transcript,TSLA_Q4_2023,Guidance_Source_8_tsla-q4-2023.html
unpaired_actual,TSLA,2023,,,,,,cybertruck_cell_energy_increase,Cybertruck Cell Energy Increase,,product:cybertruck,,,,Q4 FY2023,"And just regarding what the team was able to do in Q4, Texas successfully swapped line one from the Model Y design of the cell to the Cybertruck design of the cell, which was the 10% cell energy increase I've mentioned before.",10% higher energy than Model Y cell,,,,,,,,,,,transcript,TSLA_Q4_2023,Guidance_Source_8_tsla-q4-2023.html
unpaired_actual,TSLA,2023,,,,,,profitability_timing,Profitability timing,,segment:energy,,,,Q1 FY2024,"Despite these challenges, the Tesla team did a great job executing in a tough environment and energy storage deployments, the Megapack in particular, reached an all-time high in Q1, leading to record profitability for the energy business, and that looks likely to continue to increase in the quarters and years ahead.",all-time high in Q1 2024,,,,,,,,,,,transcript,TSLA_Q1_2024,Guidance_Source_10_tsla-q1-2024.html
unpaired_actual,TSLA,2023,,,,,,revenue_growth,Revenue growth,,consolidated,,,,Q1 FY2024,"We continue to ramp production and build and optimize our manufacturing capacity, expand our operations while focusing on further cost reductions and operational efficiencies to enable increased deliveries and deployments of our products, and invest in research and development to accelerate our AI, software, and fleet-based profits for further revenue growth.",1130000000,,,,,,,,,,,filing,10-Q Q1 2024 — ITEM 2. MANAGEMENT’S DISCUSSION AND ANALYSIS OF FINANCIAL CONDITION AND RESULTS OF OPERATIONS,Guidance_Source_11_10-q-q1-2024-item-2-management-s-discussion-and-analysis-of-financial-condition-.html
unpaired_actual,TSLA,2023,,,,,,revenue,Revenue,,product:model_3,,,,Q1 FY2024,"Additionally, there was a decrease of approximately 27,000 combined Model 3 and Model Y cash deliveries partially due to the early phase of the production ramp of the updated Model 3 at our Fremont factory and factory shutdowns resulting from shipping diversions caused by the Red Sea conflict and an arson attack at Gigafactory Berlin-Brandenburg.",16460000000,,,,,,,,,,,filing,10-Q Q1 2024 — ITEM 2. MANAGEMENT’S DISCUSSION AND ANALYSIS OF FINANCIAL CONDITION AND RESULTS OF OPERATIONS,Guidance_Source_11_10-q-q1-2024-item-2-management-s-discussion-and-analysis-of-financial-condition-.html
unpaired_actual,TSLA,2023,,,,,,deliveries,Deliveries,,product:cybertruck,,,,Q1 FY2024,"The decreases were partially offset by an increase of approximately 7,000 deliveries of other models as we ramped our production of Cybertruck.",-27000,,,,,,,,,,,filing,10-Q Q1 2024 — ITEM 2. MANAGEMENT’S DISCUSSION AND ANALYSIS OF FINANCIAL CONDITION AND RESULTS OF OPERATIONS,Guidance_Source_11_10-q-q1-2024-item-2-management-s-discussion-and-analysis-of-financial-condition-.html
unpaired_actual,TSLA,2023,,,,,,revenue,Revenue,,consolidated,,,,Q1 FY2024,"Services and other revenue increased $451 million, or 25%, in the three months ended March 31, 2024 as compared to the three months ended March 31, 2023.",2288000000,,,,,,,,,,,filing,10-Q Q1 2024 — ITEM 2. MANAGEMENT’S DISCUSSION AND ANALYSIS OF FINANCIAL CONDITION AND RESULTS OF OPERATIONS,Guidance_Source_11_10-q-q1-2024-item-2-management-s-discussion-and-analysis-of-financial-condition-.html
unpaired_actual,TSLA,2023,,,,,,revenue_growth,Revenue growth,,consolidated,,,,Q1 FY2024,"Energy Generation and Storage Segment Energy generation and storage revenue increased $106 million, or 7%, in the three months ended March 31, 2024 as compared to the three months ended March 31, 2023.",106000000,,,,,,,,,,,filing,10-Q Q1 2024 — ITEM 2. MANAGEMENT’S DISCUSSION AND ANALYSIS OF FINANCIAL CONDITION AND RESULTS OF OPERATIONS,Guidance_Source_11_10-q-q1-2024-item-2-management-s-discussion-and-analysis-of-financial-condition-.html
unpaired_actual,TSLA,2023,,,,,,gross_margin,Gross margin,,consolidated,,,,Q1 FY2024,"Gross margin for energy generation and storage increased from 11.0% to 24.6% in the three months ended March 31, 2024 as compared to the three months ended March 31, 2023.",24.6,,,,,,,,,,,filing,10-Q Q1 2024 — ITEM 2. MANAGEMENT’S DISCUSSION AND ANALYSIS OF FINANCIAL CONDITION AND RESULTS OF OPERATIONS,Guidance_Source_11_10-q-q1-2024-item-2-management-s-discussion-and-analysis-of-financial-condition-.html
unpaired_actual,TSLA,2023,,,,,,revenue,Revenue,,product:model_3,,,,Q2 FY2024,"Additionally, there was a decrease of approximately 13,000 combined Model 3 and Model Y cash deliveries partially due to the early phase of the production ramp of the updated Model 3 at our Fremont factory.",18530,,,,,,,,,,,filing,10-Q Q2 2024 — ITEM 2. MANAGEMENT’S DISCUSSION AND ANALYSIS OF FINANCIAL CONDITION AND RESULTS OF OPERATIONS,Guidance_Source_12_10-q-q2-2024-item-2-management-s-discussion-and-analysis-of-financial-condition-.html
unpaired_actual,TSLA,2023,,,,,,deliveries,Deliveries,,product:cybertruck,,,,Q2 FY2024,"The decreases were partially offset by an increase of approximately 11,000 deliveries of other models, including Model S, Model X and Cybertruck, primarily due to our production ramp of Cybertruck.",11000,,,,,,,,,,,filing,10-Q Q2 2024 — ITEM 2. MANAGEMENT’S DISCUSSION AND ANALYSIS OF FINANCIAL CONDITION AND RESULTS OF OPERATIONS,Guidance_Source_12_10-q-q2-2024-item-2-management-s-discussion-and-analysis-of-financial-condition-.html
unpaired_actual,TSLA,2023,,,,,,regulatory_credit_revenue,Regulatory credit revenue,,segment:automotive,,,,Q2 FY2024,"Automotive regulatory credits revenue increased $608 million, or 216%, in the three months ended June 30, 2024 as compared to the three months ended June 30, 2023.",890,,,,,,,,,,,filing,10-Q Q2 2024 — ITEM 2. MANAGEMENT’S DISCUSSION AND ANALYSIS OF FINANCIAL CONDITION AND RESULTS OF OPERATIONS,Guidance_Source_12_10-q-q2-2024-item-2-management-s-discussion-and-analysis-of-financial-condition-.html
unpaired_actual,TSLA,2023,,,,,,revenue,Revenue,,segment:energy generation and storage,,,,Q2 FY2024,"Energy Generation and Storage Segment Energy generation and storage revenue increased $1.51 billion, or 100%, in the three months ended June 30, 2024 as compared to the three months ended June 30, 2023.",3014,,,,,,,,,,,filing,10-Q Q2 2024 — ITEM 2. MANAGEMENT’S DISCUSSION AND ANALYSIS OF FINANCIAL CONDITION AND RESULTS OF OPERATIONS,Guidance_Source_12_10-q-q2-2024-item-2-management-s-discussion-and-analysis-of-financial-condition-.html
unpaired_actual,TSLA,2023,,,,,,regulatory_credit_revenue,Regulatory credit revenue,,product:cybertruck,,,,Q3 FY2024,"28 Table of Contents Results of Operations Revenues Three Months Ended September 30, Change Nine Months Ended September 30, Change (Dollars in millions) 2024 2023 $ % 2024 2023 $ % Automotive sales $ 18,831 $ 18,582 $ 249 1 % $ 53,821 $ 57,879 $ (4,058) (7) % Automotive regulatory credits 739 554 185 33 % 2,071 1,357 714 53 % Automotive leasing 446 489 (43) (9) % 1,380 1,620 (240) (15) % Total automotive revenues 20,016 19,625 391 2 % 57,272 60,856 (3,584) (6) % Services and other 2,790 2,166 624 29 % 7,686 6,153 1,533 25 % Total automotive & services and other segment revenue 22,806 21,791 1,015 5 % 64,958 67,009 (2,051) (3) % Energy generation and storage segment revenue 2,376 1,559 817 52 % 7,025 4,597 2,428 53 % Total revenues $ 25,182 $ 23,350 $ 1,832 8 % $ 71,983 $ 71,606 $ 377 1 % Automotive & Services and Other Segment Automotive sales revenue increased $249 million, or 1%, in the three months ended September 30, 2024 as compared to the three months ended September 30, 2023, due to an increase of approximately 23,000 combined Model 3 and Model Y cash deliveries and an increase of 8,000 deliveries of other models primarily due to our production ramp of Cybertruck.",18831,,,,,,,,,,,filing,10-Q Q3 2024 — ITEM 2. MANAGEMENT’S DISCUSSION AND ANALYSIS OF FINANCIAL CONDITION AND RESULTS OF OPERATIONS,Guidance_Source_13_10-q-q3-2024-item-2-management-s-discussion-and-analysis-of-financial-condition-.html
unpaired_actual,TSLA,2023,,,,,,revenue,Revenue,,consolidated,,,,Q3 FY2024,"Services and other revenue increased $624 million, or 29%, in the three months ended September 30, 2024 as compared to the three months ended September 30, 2023.",2790,,,,,,,,,,,filing,10-Q Q3 2024 — ITEM 2. MANAGEMENT’S DISCUSSION AND ANALYSIS OF FINANCIAL CONDITION AND RESULTS OF OPERATIONS,Guidance_Source_13_10-q-q3-2024-item-2-management-s-discussion-and-analysis-of-financial-condition-.html
unpaired_actual,TSLA,2023,,,,,,revenue,Revenue,,segment:energy generation and storage,,,,Q3 FY2024,"Energy Generation and Storage Segment Energy generation and storage revenue increased $817 million, or 52%, in the three months ended September 30, 2024 as compared to the three months ended September 30, 2023.",817,,,,,,,,,,,filing,10-Q Q3 2024 — ITEM 2. MANAGEMENT’S DISCUSSION AND ANALYSIS OF FINANCIAL CONDITION AND RESULTS OF OPERATIONS,Guidance_Source_13_10-q-q3-2024-item-2-management-s-discussion-and-analysis-of-financial-condition-.html
unpaired_actual,TSLA,2023,,,,,,revenue,Revenue,,consolidated,,,,Q1 FY2022,SEC XBRL Revenue for Q1 FY2022: 18756000000 USD,$18756000000,,,,,,,,,,,xbrl,XBRL Revenue Q1 FY2022,Guidance_Source_14_xbrl-revenue-q1-fy2022.html
unpaired_actual,TSLA,2023,,,,,,gross_profit,Gross Profit,,consolidated,,,,Q1 FY2022,SEC XBRL Gross Profit for Q1 FY2022: 5460000000 USD,$5460000000,,,,,,,,,,,xbrl,XBRL Gross Profit Q1 FY2022,Guidance_Source_15_xbrl-gross-profit-q1-fy2022.html
unpaired_actual,TSLA,2023,,,,,,operating_income,Operating Income,,consolidated,,,,Q1 FY2022,SEC XBRL Operating Income for Q1 FY2022: 3603000000 USD,$3603000000,,,,,,,,,,,xbrl,XBRL Operating Income Q1 FY2022,Guidance_Source_16_xbrl-operating-income-q1-fy2022.html
unpaired_actual,TSLA,2023,,,,,,net_income,Net Income,,consolidated,,,,Q1 FY2022,SEC XBRL Net Income for Q1 FY2022: 3318000000 USD,$3318000000,,,,,,,,,,,xbrl,XBRL Net Income Q1 FY2022,Guidance_Source_17_xbrl-net-income-q1-fy2022.html
unpaired_actual,TSLA,2023,,,,,,eps,Diluted EPS,,consolidated,,,,Q1 FY2022,SEC XBRL Diluted EPS for Q1 FY2022: 2.86 USD/share,$2.86,,,,,,,,,,,xbrl,XBRL Diluted EPS Q1 FY2022,Guidance_Source_18_xbrl-diluted-eps-q1-fy2022.html
unpaired_actual,TSLA,2023,,,,,,operating_cash_flow,Operating Cash Flow,,consolidated,,,,Q1 FY2022,SEC XBRL Operating Cash Flow for Q1 FY2022: 3995000000 USD,$3995000000,,,,,,,,,,,xbrl,XBRL Operating Cash Flow Q1 FY2022,Guidance_Source_19_xbrl-operating-cash-flow-q1-fy2022.html
unpaired_actual,TSLA,2023,,,,,,capital_expenditure,Capital Expenditures,,consolidated,,,,Q1 FY2022,SEC XBRL Capital Expenditures for Q1 FY2022: 1767000000 USD,$1767000000,,,,,,,,,,,xbrl,XBRL Capital Expenditures Q1 FY2022,Guidance_Source_20_xbrl-capital-expenditures-q1-fy2022.html
unpaired_actual,TSLA,2023,,,,,,revenue,Revenue,,consolidated,,,,Q2 FY2022,SEC XBRL Revenue for Q2 FY2022: 16934000000 USD,$16934000000,,,,,,,,,,,xbrl,XBRL Revenue Q2 FY2022,Guidance_Source_21_xbrl-revenue-q2-fy2022.html
unpaired_actual,TSLA,2023,,,,,,gross_profit,Gross Profit,,consolidated,,,,Q2 FY2022,SEC XBRL Gross Profit for Q2 FY2022: 4234000000 USD,$4234000000,,,,,,,,,,,xbrl,XBRL Gross Profit Q2 FY2022,Guidance_Source_22_xbrl-gross-profit-q2-fy2022.html
unpaired_actual,TSLA,2023,,,,,,operating_income,Operating Income,,consolidated,,,,Q2 FY2022,SEC XBRL Operating Income for Q2 FY2022: 2464000000 USD,$2464000000,,,,,,,,,,,xbrl,XBRL Operating Income Q2 FY2022,Guidance_Source_23_xbrl-operating-income-q2-fy2022.html
unpaired_actual,TSLA,2023,,,,,,net_income,Net Income,,consolidated,,,,Q2 FY2022,SEC XBRL Net Income for Q2 FY2022: 2259000000 USD,$2259000000,,,,,,,,,,,xbrl,XBRL Net Income Q2 FY2022,Guidance_Source_24_xbrl-net-income-q2-fy2022.html
unpaired_actual,TSLA,2023,,,,,,eps,Diluted EPS,,consolidated,,,,Q2 FY2022,SEC XBRL Diluted EPS for Q2 FY2022: 1.95 USD/share,$1.95,,,,,,,,,,,xbrl,XBRL Diluted EPS Q2 FY2022,Guidance_Source_25_xbrl-diluted-eps-q2-fy2022.html
unpaired_actual,TSLA,2023,,,,,,operating_cash_flow,Operating Cash Flow,,consolidated,,,,Q2 FY2022,SEC XBRL Operating Cash Flow for Q2 FY2022: 2351000000 USD,$2351000000,,,,,,,,,,,xbrl,XBRL Operating Cash Flow Q2 FY2022,Guidance_Source_26_xbrl-operating-cash-flow-q2-fy2022.html
unpaired_actual,TSLA,2023,,,,,,capital_expenditure,Capital Expenditures,,consolidated,,,,Q2 FY2022,SEC XBRL Capital Expenditures for Q2 FY2022: 1730000000 USD,$1730000000,,,,,,,,,,,xbrl,XBRL Capital Expenditures Q2 FY2022,Guidance_Source_27_xbrl-capital-expenditures-q2-fy2022.html
unpaired_actual,TSLA,2023,,,,,,revenue,Revenue,,consolidated,,,,Q3 FY2022,SEC XBRL Revenue for Q3 FY2022: 21454000000 USD,$21454000000,,,,,,,,,,,xbrl,XBRL Revenue Q3 FY2022,Guidance_Source_28_xbrl-revenue-q3-fy2022.html
unpaired_actual,TSLA,2023,,,,,,gross_profit,Gross Profit,,consolidated,,,,Q3 FY2022,SEC XBRL Gross Profit for Q3 FY2022: 5382000000 USD,$5382000000,,,,,,,,,,,xbrl,XBRL Gross Profit Q3 FY2022,Guidance_Source_29_xbrl-gross-profit-q3-fy2022.html
unpaired_actual,TSLA,2023,,,,,,operating_income,Operating Income,,consolidated,,,,Q3 FY2022,SEC XBRL Operating Income for Q3 FY2022: 3688000000 USD,$3688000000,,,,,,,,,,,xbrl,XBRL Operating Income Q3 FY2022,Guidance_Source_30_xbrl-operating-income-q3-fy2022.html
unpaired_actual,TSLA,2023,,,,,,net_income,Net Income,,consolidated,,,,Q3 FY2022,SEC XBRL Net Income for Q3 FY2022: 3292000000 USD,$3292000000,,,,,,,,,,,xbrl,XBRL Net Income Q3 FY2022,Guidance_Source_31_xbrl-net-income-q3-fy2022.html
unpaired_actual,TSLA,2023,,,,,,eps,Diluted EPS,,consolidated,,,,Q3 FY2022,SEC XBRL Diluted EPS for Q3 FY2022: 0.95 USD/share,$0.95,,,,,,,,,,,xbrl,XBRL Diluted EPS Q3 FY2022,Guidance_Source_32_xbrl-diluted-eps-q3-fy2022.html
unpaired_actual,TSLA,2023,,,,,,operating_cash_flow,Operating Cash Flow,,consolidated,,,,Q3 FY2022,SEC XBRL Operating Cash Flow for Q3 FY2022: 9095000000 USD,$9095000000,,,,,,,,,,,xbrl,XBRL Operating Cash Flow Q3 FY2022,Guidance_Source_33_xbrl-operating-cash-flow-q3-fy2022.html
unpaired_actual,TSLA,2023,,,,,,capital_expenditure,Capital Expenditures,,consolidated,,,,Q3 FY2022,SEC XBRL Capital Expenditures for Q3 FY2022: 3570000000 USD,$3570000000,,,,,,,,,,,xbrl,XBRL Capital Expenditures Q3 FY2022,Guidance_Source_34_xbrl-capital-expenditures-q3-fy2022.html
unpaired_actual,TSLA,2023,,,,,,revenue,Revenue,,consolidated,,,,Q4 FY2022,SEC XBRL Revenue for FY2022: 81462000000 USD,$81462000000,,,,,,,,,,,xbrl,XBRL Revenue FY2022,Guidance_Source_35_xbrl-revenue-fy2022.html
unpaired_actual,TSLA,2023,,,,,,gross_profit,Gross Profit,,consolidated,,,,Q4 FY2022,SEC XBRL Gross Profit for FY2022: 20853000000 USD,$20853000000,,,,,,,,,,,xbrl,XBRL Gross Profit FY2022,Guidance_Source_36_xbrl-gross-profit-fy2022.html
unpaired_actual,TSLA,2023,,,,,,operating_income,Operating Income,,consolidated,,,,Q4 FY2022,SEC XBRL Operating Income for FY2022: 13656000000 USD,$13656000000,,,,,,,,,,,xbrl,XBRL Operating Income FY2022,Guidance_Source_37_xbrl-operating-income-fy2022.html
unpaired_actual,TSLA,2023,,,,,,net_income,Net Income,,consolidated,,,,Q4 FY2022,SEC XBRL Net Income for FY2022: 12556000000 USD,$12556000000,,,,,,,,,,,xbrl,XBRL Net Income FY2022,Guidance_Source_38_xbrl-net-income-fy2022.html
unpaired_actual,TSLA,2023,,,,,,eps,Diluted EPS,,consolidated,,,,Q4 FY2022,SEC XBRL Diluted EPS for FY2022: 3.62 USD/share,$3.62,,,,,,,,,,,xbrl,XBRL Diluted EPS FY2022,Guidance_Source_39_xbrl-diluted-eps-fy2022.html
unpaired_actual,TSLA,2023,,,,,,operating_cash_flow,Operating Cash Flow,,consolidated,,,,Q4 FY2022,SEC XBRL Operating Cash Flow for FY2022: 14724000000 USD,$14724000000,,,,,,,,,,,xbrl,XBRL Operating Cash Flow FY2022,Guidance_Source_40_xbrl-operating-cash-flow-fy2022.html
unpaired_actual,TSLA,2023,,,,,,capital_expenditure,Capital Expenditures,,consolidated,,,,Q4 FY2022,SEC XBRL Capital Expenditures for FY2022: 7158000000 USD,$7158000000,,,,,,,,,,,xbrl,XBRL Capital Expenditures FY2022,Guidance_Source_41_xbrl-capital-expenditures-fy2022.html
unpaired_actual,TSLA,2023,,,,,,revenue,Revenue,,consolidated,,,,Q1 FY2023,SEC XBRL Revenue for Q1 FY2023: 23329000000 USD,$23329000000,,,,,,,,,,,xbrl,XBRL Revenue Q1 FY2023,Guidance_Source_42_xbrl-revenue-q1-fy2023.html
unpaired_actual,TSLA,2023,,,,,,gross_profit,Gross Profit,,consolidated,,,,Q1 FY2023,SEC XBRL Gross Profit for Q1 FY2023: 4511000000 USD,$4511000000,,,,,,,,,,,xbrl,XBRL Gross Profit Q1 FY2023,Guidance_Source_43_xbrl-gross-profit-q1-fy2023.html
unpaired_actual,TSLA,2023,,,,,,operating_income,Operating Income,,consolidated,,,,Q1 FY2023,SEC XBRL Operating Income for Q1 FY2023: 2664000000 USD,$2664000000,,,,,,,,,,,xbrl,XBRL Operating Income Q1 FY2023,Guidance_Source_44_xbrl-operating-income-q1-fy2023.html
unpaired_actual,TSLA,2023,,,,,,net_income,Net Income,,consolidated,,,,Q1 FY2023,SEC XBRL Net Income for Q1 FY2023: 2513000000 USD,$2513000000,,,,,,,,,,,xbrl,XBRL Net Income Q1 FY2023,Guidance_Source_45_xbrl-net-income-q1-fy2023.html
unpaired_actual,TSLA,2023,,,,,,eps,Diluted EPS,,consolidated,,,,Q1 FY2023,SEC XBRL Diluted EPS for Q1 FY2023: 0.73 USD/share,$0.73,,,,,,,,,,,xbrl,XBRL Diluted EPS Q1 FY2023,Guidance_Source_46_xbrl-diluted-eps-q1-fy2023.html
unpaired_actual,TSLA,2023,,,,,,operating_cash_flow,Operating Cash Flow,,consolidated,,,,Q1 FY2023,SEC XBRL Operating Cash Flow for Q1 FY2023: 2513000000 USD,$2513000000,,,,,,,,,,,xbrl,XBRL Operating Cash Flow Q1 FY2023,Guidance_Source_47_xbrl-operating-cash-flow-q1-fy2023.html
unpaired_actual,TSLA,2023,,,,,,capital_expenditure,Capital Expenditures,,consolidated,,,,Q1 FY2023,SEC XBRL Capital Expenditures for Q1 FY2023: 2072000000 USD,$2072000000,,,,,,,,,,,xbrl,XBRL Capital Expenditures Q1 FY2023,Guidance_Source_48_xbrl-capital-expenditures-q1-fy2023.html
unpaired_actual,TSLA,2023,,,,,,revenue,Revenue,,consolidated,,,,Q2 FY2023,SEC XBRL Revenue for Q2 FY2023: 24927000000 USD,$24927000000,,,,,,,,,,,xbrl,XBRL Revenue Q2 FY2023,Guidance_Source_49_xbrl-revenue-q2-fy2023.html
unpaired_actual,TSLA,2023,,,,,,gross_profit,Gross Profit,,consolidated,,,,Q2 FY2023,SEC XBRL Gross Profit for Q2 FY2023: 4533000000 USD,$4533000000,,,,,,,,,,,xbrl,XBRL Gross Profit Q2 FY2023,Guidance_Source_50_xbrl-gross-profit-q2-fy2023.html
unpaired_actual,TSLA,2023,,,,,,operating_income,Operating Income,,consolidated,,,,Q2 FY2023,SEC XBRL Operating Income for Q2 FY2023: 2399000000 USD,$2399000000,,,,,,,,,,,xbrl,XBRL Operating Income Q2 FY2023,Guidance_Source_51_xbrl-operating-income-q2-fy2023.html
unpaired_actual,TSLA,2023,,,,,,net_income,Net Income,,consolidated,,,,Q2 FY2023,SEC XBRL Net Income for Q2 FY2023: 2703000000 USD,$2703000000,,,,,,,,,,,xbrl,XBRL Net Income Q2 FY2023,Guidance_Source_52_xbrl-net-income-q2-fy2023.html
unpaired_actual,TSLA,2023,,,,,,eps,Diluted EPS,,consolidated,,,,Q2 FY2023,SEC XBRL Diluted EPS for Q2 FY2023: 0.78 USD/share,$0.78,,,,,,,,,,,xbrl,XBRL Diluted EPS Q2 FY2023,Guidance_Source_53_xbrl-diluted-eps-q2-fy2023.html
unpaired_actual,TSLA,2023,,,,,,operating_cash_flow,Operating Cash Flow,,consolidated,,,,Q2 FY2023,SEC XBRL Operating Cash Flow for Q2 FY2023: 3065000000 USD,$3065000000,,,,,,,,,,,xbrl,XBRL Operating Cash Flow Q2 FY2023,Guidance_Source_54_xbrl-operating-cash-flow-q2-fy2023.html
unpaired_actual,TSLA,2023,,,,,,capital_expenditure,Capital Expenditures,,consolidated,,,,Q2 FY2023,SEC XBRL Capital Expenditures for Q2 FY2023: 2060000000 USD,$2060000000,,,,,,,,,,,xbrl,XBRL Capital Expenditures Q2 FY2023,Guidance_Source_55_xbrl-capital-expenditures-q2-fy2023.html
unpaired_actual,TSLA,2023,,,,,,revenue,Revenue,,consolidated,,,,Q3 FY2023,SEC XBRL Revenue for Q3 FY2023: 23350000000 USD,$23350000000,,,,,,,,,,,xbrl,XBRL Revenue Q3 FY2023,Guidance_Source_56_xbrl-revenue-q3-fy2023.html
unpaired_actual,TSLA,2023,,,,,,gross_profit,Gross Profit,,consolidated,,,,Q3 FY2023,SEC XBRL Gross Profit for Q3 FY2023: 4178000000 USD,$4178000000,,,,,,,,,,,xbrl,XBRL Gross Profit Q3 FY2023,Guidance_Source_57_xbrl-gross-profit-q3-fy2023.html
unpaired_actual,TSLA,2023,,,,,,operating_income,Operating Income,,consolidated,,,,Q3 FY2023,SEC XBRL Operating Income for Q3 FY2023: 1764000000 USD,$1764000000,,,,,,,,,,,xbrl,XBRL Operating Income Q3 FY2023,Guidance_Source_58_xbrl-operating-income-q3-fy2023.html
unpaired_actual,TSLA,2023,,,,,,net_income,Net Income,,consolidated,,,,Q3 FY2023,SEC XBRL Net Income for Q3 FY2023: 1853000000 USD,$1853000000,,,,,,,,,,,xbrl,XBRL Net Income Q3 FY2023,Guidance_Source_59_xbrl-net-income-q3-fy2023.html
unpaired_actual,TSLA,2023,,,,,,eps,Diluted EPS,,consolidated,,,,Q3 FY2023,SEC XBRL Diluted EPS for Q3 FY2023: 0.53 USD/share,$0.53,,,,,,,,,,,xbrl,XBRL Diluted EPS Q3 FY2023,Guidance_Source_60_xbrl-diluted-eps-q3-fy2023.html
unpaired_actual,TSLA,2023,,,,,,operating_cash_flow,Operating Cash Flow,,consolidated,,,,Q3 FY2023,SEC XBRL Operating Cash Flow for Q3 FY2023: 5821000000 USD,$5821000000,,,,,,,,,,,xbrl,XBRL Operating Cash Flow Q3 FY2023,Guidance_Source_61_xbrl-operating-cash-flow-q3-fy2023.html
unpaired_actual,TSLA,2023,,,,,,capital_expenditure,Capital Expenditures,,consolidated,,,,Q3 FY2023,SEC XBRL Capital Expenditures for Q3 FY2023: 4532000000 USD,$4532000000,,,,,,,,,,,xbrl,XBRL Capital Expenditures Q3 FY2023,Guidance_Source_62_xbrl-capital-expenditures-q3-fy2023.html
unpaired_actual,TSLA,2023,,,,,,revenue,Revenue,,consolidated,,,,Q4 FY2023,SEC XBRL Revenue for FY2023: 96773000000 USD,$96773000000,,,,,,,,,,,xbrl,XBRL Revenue FY2023,Guidance_Source_63_xbrl-revenue-fy2023.html
unpaired_actual,TSLA,2023,,,,,,gross_profit,Gross Profit,,consolidated,,,,Q4 FY2023,SEC XBRL Gross Profit for FY2023: 17660000000 USD,$17660000000,,,,,,,,,,,xbrl,XBRL Gross Profit FY2023,Guidance_Source_64_xbrl-gross-profit-fy2023.html
unpaired_actual,TSLA,2023,,,,,,operating_income,Operating Income,,consolidated,,,,Q4 FY2023,SEC XBRL Operating Income for FY2023: 8891000000 USD,$8891000000,,,,,,,,,,,xbrl,XBRL Operating Income FY2023,Guidance_Source_65_xbrl-operating-income-fy2023.html
unpaired_actual,TSLA,2023,,,,,,net_income,Net Income,,consolidated,,,,Q4 FY2023,SEC XBRL Net Income for FY2023: 14997000000 USD,$14997000000,,,,,,,,,,,xbrl,XBRL Net Income FY2023,Guidance_Source_66_xbrl-net-income-fy2023.html
unpaired_actual,TSLA,2023,,,,,,eps,Diluted EPS,,consolidated,,,,Q4 FY2023,SEC XBRL Diluted EPS for FY2023: 4.3 USD/share,$4.3,,,,,,,,,,,xbrl,XBRL Diluted EPS FY2023,Guidance_Source_67_xbrl-diluted-eps-fy2023.html
unpaired_actual,TSLA,2023,,,,,,operating_cash_flow,Operating Cash Flow,,consolidated,,,,Q4 FY2023,SEC XBRL Operating Cash Flow for FY2023: 13256000000 USD,$13256000000,,,,,,,,,,,xbrl,XBRL Operating Cash Flow FY2023,Guidance_Source_68_xbrl-operating-cash-flow-fy2023.html
unpaired_actual,TSLA,2023,,,,,,capital_expenditure,Capital Expenditures,,consolidated,,,,Q4 FY2023,SEC XBRL Capital Expenditures for FY2023: 8898000000 USD,$8898000000,,,,,,,,,,,xbrl,XBRL Capital Expenditures FY2023,Guidance_Source_69_xbrl-capital-expenditures-fy2023.html
unpaired_actual,TSLA,2023,,,,,,revenue,Revenue,,consolidated,,,,Q1 FY2024,SEC XBRL Revenue for Q1 FY2024: 21301000000 USD,$21301000000,,,,,,,,,,,xbrl,XBRL Revenue Q1 FY2024,Guidance_Source_70_xbrl-revenue-q1-fy2024.html
unpaired_actual,TSLA,2023,,,,,,gross_profit,Gross Profit,,consolidated,,,,Q1 FY2024,SEC XBRL Gross Profit for Q1 FY2024: 3696000000 USD,$3696000000,,,,,,,,,,,xbrl,XBRL Gross Profit Q1 FY2024,Guidance_Source_71_xbrl-gross-profit-q1-fy2024.html
unpaired_actual,TSLA,2023,,,,,,operating_income,Operating Income,,consolidated,,,,Q1 FY2024,SEC XBRL Operating Income for Q1 FY2024: 1171000000 USD,$1171000000,,,,,,,,,,,xbrl,XBRL Operating Income Q1 FY2024,Guidance_Source_72_xbrl-operating-income-q1-fy2024.html
unpaired_actual,TSLA,2023,,,,,,net_income,Net Income,,consolidated,,,,Q1 FY2024,SEC XBRL Net Income for Q1 FY2024: 1129000000 USD,$1129000000,,,,,,,,,,,xbrl,XBRL Net Income Q1 FY2024,Guidance_Source_73_xbrl-net-income-q1-fy2024.html
unpaired_actual,TSLA,2023,,,,,,eps,Diluted EPS,,consolidated,,,,Q1 FY2024,SEC XBRL Diluted EPS for Q1 FY2024: 0.34 USD/share,$0.34,,,,,,,,,,,xbrl,XBRL Diluted EPS Q1 FY2024,Guidance_Source_74_xbrl-diluted-eps-q1-fy2024.html
unpaired_actual,TSLA,2023,,,,,,operating_cash_flow,Operating Cash Flow,,consolidated,,,,Q1 FY2024,SEC XBRL Operating Cash Flow for Q1 FY2024: 242000000 USD,$242000000,,,,,,,,,,,xbrl,XBRL Operating Cash Flow Q1 FY2024,Guidance_Source_75_xbrl-operating-cash-flow-q1-fy2024.html
unpaired_actual,TSLA,2023,,,,,,capital_expenditure,Capital Expenditures,,consolidated,,,,Q1 FY2024,SEC XBRL Capital Expenditures for Q1 FY2024: 2773000000 USD,$2773000000,,,,,,,,,,,xbrl,XBRL Capital Expenditures Q1 FY2024,Guidance_Source_76_xbrl-capital-expenditures-q1-fy2024.html
unpaired_actual,TSLA,2023,,,,,,revenue,Revenue,,consolidated,,,,Q2 FY2024,SEC XBRL Revenue for Q2 FY2024: 25500000000 USD,$25500000000,,,,,,,,,,,xbrl,XBRL Revenue Q2 FY2024,Guidance_Source_77_xbrl-revenue-q2-fy2024.html
unpaired_actual,TSLA,2023,,,,,,gross_profit,Gross Profit,,consolidated,,,,Q2 FY2024,SEC XBRL Gross Profit for Q2 FY2024: 4578000000 USD,$4578000000,,,,,,,,,,,xbrl,XBRL Gross Profit Q2 FY2024,Guidance_Source_78_xbrl-gross-profit-q2-fy2024.html
unpaired_actual,TSLA,2023,,,,,,operating_income,Operating Income,,consolidated,,,,Q2 FY2024,SEC XBRL Operating Income for Q2 FY2024: 1605000000 USD,$1605000000,,,,,,,,,,,xbrl,XBRL Operating Income Q2 FY2024,Guidance_Source_79_xbrl-operating-income-q2-fy2024.html
unpaired_actual,TSLA,2023,,,,,,net_income,Net Income,,consolidated,,,,Q2 FY2024,SEC XBRL Net Income for Q2 FY2024: 1478000000 USD,$1478000000,,,,,,,,,,,xbrl,XBRL Net Income Q2 FY2024,Guidance_Source_80_xbrl-net-income-q2-fy2024.html
unpaired_actual,TSLA,2023,,,,,,eps,Diluted EPS,,consolidated,,,,Q2 FY2024,SEC XBRL Diluted EPS for Q2 FY2024: 0.42 USD/share,$0.42,,,,,,,,,,,xbrl,XBRL Diluted EPS Q2 FY2024,Guidance_Source_81_xbrl-diluted-eps-q2-fy2024.html
unpaired_actual,TSLA,2023,,,,,,operating_cash_flow,Operating Cash Flow,,consolidated,,,,Q2 FY2024,SEC XBRL Operating Cash Flow for Q2 FY2024: 3612000000 USD,$3612000000,,,,,,,,,,,xbrl,XBRL Operating Cash Flow Q2 FY2024,Guidance_Source_82_xbrl-operating-cash-flow-q2-fy2024.html
unpaired_actual,TSLA,2023,,,,,,capital_expenditure,Capital Expenditures,,consolidated,,,,Q2 FY2024,SEC XBRL Capital Expenditures for Q2 FY2024: 2276000000 USD,$2276000000,,,,,,,,,,,xbrl,XBRL Capital Expenditures Q2 FY2024,Guidance_Source_83_xbrl-capital-expenditures-q2-fy2024.html
unpaired_actual,TSLA,2023,,,,,,revenue,Revenue,,consolidated,,,,Q3 FY2024,SEC XBRL Revenue for Q3 FY2024: 25182000000 USD,$25182000000,,,,,,,,,,,xbrl,XBRL Revenue Q3 FY2024,Guidance_Source_84_xbrl-revenue-q3-fy2024.html
unpaired_actual,TSLA,2023,,,,,,gross_profit,Gross Profit,,consolidated,,,,Q3 FY2024,SEC XBRL Gross Profit for Q3 FY2024: 4997000000 USD,$4997000000,,,,,,,,,,,xbrl,XBRL Gross Profit Q3 FY2024,Guidance_Source_85_xbrl-gross-profit-q3-fy2024.html
unpaired_actual,TSLA,2023,,,,,,operating_income,Operating Income,,consolidated,,,,Q3 FY2024,SEC XBRL Operating Income for Q3 FY2024: 2717000000 USD,$2717000000,,,,,,,,,,,xbrl,XBRL Operating Income Q3 FY2024,Guidance_Source_86_xbrl-operating-income-q3-fy2024.html
unpaired_actual,TSLA,2023,,,,,,net_income,Net Income,,consolidated,,,,Q3 FY2024,SEC XBRL Net Income for Q3 FY2024: 2167000000 USD,$2167000000,,,,,,,,,,,xbrl,XBRL Net Income Q3 FY2024,Guidance_Source_87_xbrl-net-income-q3-fy2024.html
unpaired_actual,TSLA,2023,,,,,,eps,Diluted EPS,,consolidated,,,,Q3 FY2024,SEC XBRL Diluted EPS for Q3 FY2024: 0.62 USD/share,$0.62,,,,,,,,,,,xbrl,XBRL Diluted EPS Q3 FY2024,Guidance_Source_88_xbrl-diluted-eps-q3-fy2024.html
unpaired_actual,TSLA,2023,,,,,,operating_cash_flow,Operating Cash Flow,,consolidated,,,,Q3 FY2024,SEC XBRL Operating Cash Flow for Q3 FY2024: 6497000000 USD,$6497000000,,,,,,,,,,,xbrl,XBRL Operating Cash Flow Q3 FY2024,Guidance_Source_89_xbrl-operating-cash-flow-q3-fy2024.html
unpaired_actual,TSLA,2023,,,,,,capital_expenditure,Capital Expenditures,,consolidated,,,,Q3 FY2024,SEC XBRL Capital Expenditures for Q3 FY2024: 6286000000 USD,$6286000000,,,,,,,,,,,xbrl,XBRL Capital Expenditures Q3 FY2024,Guidance_Source_90_xbrl-capital-expenditures-q3-fy2024.html
unpaired_actual,TSLA,2023,,,,,,revenue,Revenue,,consolidated,,,,Q4 FY2024,SEC XBRL Revenue for FY2024: 97690000000 USD,$97690000000,,,,,,,,,,,xbrl,XBRL Revenue FY2024,Guidance_Source_91_xbrl-revenue-fy2024.html
unpaired_actual,TSLA,2023,,,,,,gross_profit,Gross Profit,,consolidated,,,,Q4 FY2024,SEC XBRL Gross Profit for FY2024: 17450000000 USD,$17450000000,,,,,,,,,,,xbrl,XBRL Gross Profit FY2024,Guidance_Source_92_xbrl-gross-profit-fy2024.html
unpaired_actual,TSLA,2023,,,,,,operating_income,Operating Income,,consolidated,,,,Q4 FY2024,SEC XBRL Operating Income for FY2024: 7076000000 USD,$7076000000,,,,,,,,,,,xbrl,XBRL Operating Income FY2024,Guidance_Source_93_xbrl-operating-income-fy2024.html
unpaired_actual,TSLA,2023,,,,,,net_income,Net Income,,consolidated,,,,Q4 FY2024,SEC XBRL Net Income for FY2024: 7091000000 USD,$7091000000,,,,,,,,,,,xbrl,XBRL Net Income FY2024,Guidance_Source_94_xbrl-net-income-fy2024.html
unpaired_actual,TSLA,2023,,,,,,eps,Diluted EPS,,consolidated,,,,Q4 FY2024,SEC XBRL Diluted EPS for FY2024: 2.04 USD/share,$2.04,,,,,,,,,,,xbrl,XBRL Diluted EPS FY2024,Guidance_Source_95_xbrl-diluted-eps-fy2024.html
unpaired_actual,TSLA,2023,,,,,,operating_cash_flow,Operating Cash Flow,,consolidated,,,,Q4 FY2024,SEC XBRL Operating Cash Flow for FY2024: 14923000000 USD,$14923000000,,,,,,,,,,,xbrl,XBRL Operating Cash Flow FY2024,Guidance_Source_96_xbrl-operating-cash-flow-fy2024.html
unpaired_actual,TSLA,2023,,,,,,capital_expenditure,Capital Expenditures,,consolidated,,,,Q4 FY2024,SEC XBRL Capital Expenditures for FY2024: 11339000000 USD,$11339000000,,,,,,,,,,,xbrl,XBRL Capital Expenditures FY2024,Guidance_Source_97_xbrl-capital-expenditures-fy2024.html
